anime_id,character_id,relation
5336,1,main character in
7738,1,secondary cast in
8579,2,secondary cast in
8852,3,secondary cast in
4176,3,appears in
6000,4,main character in
418,4,appears in
7762,4,secondary cast in
5495,5,secondary cast in
471,5,secondary cast in
3600,6,secondary cast in
9436,6,secondary cast in
4838,6,secondary cast in
6822,7,appears in
7662,8,appears in
2880,9,appears in
3757,9,appears in
757,10,secondary cast in
4916,10,secondary cast in
4094,11,secondary cast in
5132,12,secondary cast in
913,12,appears in
6948,12,appears in
4524,13,appears in
6991,14,secondary cast in
2130,15,appears in
1001,15,main character in
1237,15,main character in
2517,16,secondary cast in
6469,16,appears in
1100,17,secondary cast in
9620,18,appears in
8548,18,main character in
6300,19,appears in
3290,19,secondary cast in
9718,19,secondary cast in
6528,20,appears in
7750,20,main character in
7379,21,secondary cast in
2259,22,secondary cast in
9844,23,secondary cast in
2368,23,secondary cast in
7647,23,main character in
6955,24,secondary cast in
4912,24,appears in
6183,24,main character in
4297,25,appears in
2300,26,appears in
1911,26,main character in
405,26,secondary cast in
4992,27,secondary cast in
9587,27,appears in
70,27,secondary cast in
2214,28,main character in
5213,28,appears in
6747,29,appears in
196,29,secondary cast in
4651,29,secondary cast in
4888,30,appears in
6314,30,appears in
2988,31,secondary cast in
2031,32,appears in
5738,33,secondary cast in
7068,33,appears in
4362,34,appears in
3849,34,main character in
6815,35,main character in
2456,36,appears in
96,36,main character in
3146,36,secondary cast in
840,37,secondary cast in
2983,37,secondary cast in
4854,37,secondary cast in
1265,38,main character in
411,38,main character in
6878,39,secondary cast in
6172,39,main character in
8089,39,appears in
2305,40,appears in
4582,41,main character in
9617,41,main character in
6235,41,secondary cast in
2582,42,appears in
1512,42,appears in
8012,42,appears in
3139,43,secondary cast in
6968,43,appears in
634,44,secondary cast in
8581,45,secondary cast in
6935,46,secondary cast in
7940,47,secondary cast in
1367,47,appears in
6340,47,appears in
8947,48,appears in
8572,48,appears in
9745,48,secondary cast in
8447,49,secondary cast in
206,49,appears in
5087,50,secondary cast in
7543,50,main character in
5053,51,secondary cast in
5612,52,main character in
1235,52,appears in
1383,52,main character in
4277,53,secondary cast in
5550,53,secondary cast in
5049,54,appears in
7575,54,main character in
4457,55,main character in
2477,55,secondary cast in
7669,55,appears in
1555,56,secondary cast in
4685,56,main character in
7252,56,appears in
4779,57,secondary cast in
2739,57,secondary cast in
4463,58,secondary cast in
3959,58,secondary cast in
1098,59,main character in
3801,59,secondary cast in
4706,60,main character in
4805,60,secondary cast in
9776,61,main character in
4986,62,secondary cast in
9207,62,secondary cast in
6306,62,secondary cast in
6177,63,main character in
694,64,appears in
2277,64,secondary cast in
6104,64,appears in
3174,65,main character in
5340,65,secondary cast in
3489,66,appears in
9045,67,main character in
805,68,appears in
5776,69,secondary cast in
9733,69,secondary cast in
2846,70,secondary cast in
791,71,main character in
3932,72,main character in
6530,72,appears in
511,72,secondary cast in
581,73,appears in
1815,73,main character in
4869,73,appears in
5680,74,secondary cast in
5418,75,appears in
3838,75,secondary cast in
5076,75,appears in
2892,76,secondary cast in
1581,76,secondary cast in
7295,76,main character in
7386,77,secondary cast in
2872,78,secondary cast in
7362,78,appears in
5010,79,main character in
238,80,secondary cast in
2931,80,secondary cast in
536,81,main character in
8037,81,secondary cast in
2033,82,secondary cast in
7617,83,appears in
2945,83,main character in
4375,84,secondary cast in
5050,84,appears in
9819,85,secondary cast in
6792,86,appears in
473,87,main character in
4746,87,secondary cast in
6520,88,main character in
5052,88,appears in
7498,89,appears in
6508,89,appears in
8266,89,appears in
6583,90,secondary cast in
5843,91,appears in
2498,91,main character in
1264,92,appears in
1052,93,appears in
4877,94,appears in
5931,94,main character in
5261,94,main character in
424,95,appears in
4442,95,main character in
6912,95,main character in
4629,96,appears in
9084,97,main character in
7414,98,main character in
6925,98,secondary cast in
4815,99,main character in
3774,99,appears in
3152,99,appears in
864,100,secondary cast in
5406,101,main character in
592,101,secondary cast in
2466,102,main character in
2616,102,secondary cast in
1637,103,secondary cast in
1205,103,appears in
2697,103,secondary cast in
729,104,main character in
608,105,appears in
1524,105,main character in
3174,105,main character in
7333,106,appears in
6242,107,secondary cast in
9567,107,appears in
5594,108,secondary cast in
3426,109,appears in
9718,110,secondary cast in
3714,110,appears in
8698,110,main character in
2254,111,main character in
2745,111,appears in
2090,112,main character in
4862,112,main character in
776,112,secondary cast in
1312,113,main character in
3237,113,main character in
8607,114,secondary cast in
7237,114,appears in
154,114,main character in
2932,115,secondary cast in
1024,116,appears in
2310,116,secondary cast in
1530,117,secondary cast in
3965,117,appears in
2199,118,secondary cast in
3644,118,appears in
312,118,appears in
6878,119,appears in
7202,120,secondary cast in
9575,120,appears in
4320,120,appears in
1891,121,main character in
4726,121,secondary cast in
6641,122,appears in
4233,123,secondary cast in
1833,124,appears in
9002,125,main character in
3048,125,appears in
7303,125,secondary cast in
5941,126,main character in
6696,126,appears in
2265,127,main character in
128,128,secondary cast in
6961,128,secondary cast in
3838,129,appears in
8341,129,secondary cast in
7970,130,appears in
2771,130,secondary cast in
2147,130,appears in
9566,131,secondary cast in
4701,131,appears in
198,132,main character in
8106,133,main character in
6661,133,secondary cast in
7493,133,main character in
877,134,appears in
7341,134,main character in
3802,134,main character in
8542,135,secondary cast in
9140,136,main character in
5914,137,secondary cast in
5656,138,main character in
7476,139,appears in
6521,139,secondary cast in
2943,139,secondary cast in
9162,140,appears in
9427,141,secondary cast in
876,141,main character in
1287,142,secondary cast in
8447,142,main character in
5646,142,appears in
4559,143,secondary cast in
5785,143,main character in
3185,144,main character in
6567,145,appears in
5578,145,main character in
2465,146,appears in
7252,147,appears in
2680,148,main character in
7165,149,main character in
8194,150,appears in
7994,150,appears in
8017,151,main character in
3153,151,secondary cast in
1449,152,appears in
850,152,secondary cast in
4482,152,appears in
7714,153,secondary cast in
7198,153,secondary cast in
3756,154,appears in
755,154,main character in
9711,154,secondary cast in
526,155,appears in
6114,155,appears in
1818,156,main character in
6384,156,appears in
5998,157,appears in
7114,157,appears in
3406,158,appears in
8756,158,main character in
8586,158,secondary cast in
4838,159,main character in
697,159,appears in
3942,159,main character in
7297,160,secondary cast in
6452,160,appears in
4946,161,main character in
350,161,secondary cast in
8334,162,appears in
5765,163,appears in
4001,163,secondary cast in
6572,164,secondary cast in
6757,165,main character in
3402,165,appears in
1116,165,secondary cast in
8686,166,main character in
5208,167,secondary cast in
9221,168,appears in
6296,168,main character in
4561,168,appears in
8509,169,secondary cast in
9390,169,appears in
8016,169,main character in
8632,170,main character in
1096,170,main character in
5879,171,appears in
1865,171,main character in
7776,172,main character in
7537,172,secondary cast in
7848,172,secondary cast in
7642,173,secondary cast in
1403,173,appears in
6405,173,appears in
1942,174,secondary cast in
6923,175,main character in
4953,175,appears in
385,175,main character in
2789,176,main character in
2663,176,main character in
4409,177,main character in
4371,177,secondary cast in
3425,177,main character in
3988,178,main character in
2564,178,appears in
5025,178,secondary cast in
2363,179,secondary cast in
1194,180,main character in
6543,181,main character in
461,182,main character in
6044,183,secondary cast in
5032,184,main character in
6010,185,appears in
2934,185,appears in
4352,185,appears in
9124,186,main character in
8646,187,main character in
2963,187,main character in
7199,187,secondary cast in
7398,188,secondary cast in
7724,188,appears in
493,188,main character in
928,189,main character in
8086,189,appears in
3541,189,appears in
788,190,appears in
5170,190,main character in
9480,190,main character in
8410,191,secondary cast in
4499,192,appears in
1979,193,secondary cast in
6382,193,appears in
8410,193,secondary cast in
5919,194,main character in
7488,194,secondary cast in
1671,194,secondary cast in
13,195,secondary cast in
4992,196,main character in
5812,196,main character in
1228,196,main character in
7032,197,main character in
7833,197,main character in
6880,197,secondary cast in
3807,198,appears in
7573,198,main character in
7135,199,appears in
8157,199,secondary cast in
3753,199,appears in
5273,200,secondary cast in
8916,200,appears in
3549,200,secondary cast in
415,201,appears in
1010,201,main character in
9478,201,appears in
1844,202,main character in
8943,202,secondary cast in
2967,203,secondary cast in
1101,203,secondary cast in
1241,204,main character in
7699,204,main character in
3273,205,secondary cast in
3128,205,appears in
5144,205,main character in
7273,206,appears in
4581,206,main character in
1610,206,main character in
1145,207,appears in
925,208,secondary cast in
9824,208,main character in
1985,209,secondary cast in
3047,209,appears in
5902,210,appears in
2354,210,secondary cast in
5128,211,appears in
866,212,appears in
1800,213,main character in
9519,214,secondary cast in
7359,214,secondary cast in
9454,214,main character in
2974,215,appears in
7918,216,main character in
3228,216,appears in
7063,217,appears in
5591,217,appears in
7335,217,appears in
5418,218,secondary cast in
2654,219,secondary cast in
4541,219,appears in
5251,220,main character in
7946,220,appears in
8394,221,appears in
1471,221,appears in
2543,221,appears in
7421,222,main character in
173,223,appears in
8032,224,main character in
9644,224,main character in
4633,225,appears in
6937,225,appears in
8961,225,appears in
9485,226,secondary cast in
1867,227,appears in
8585,227,secondary cast in
2953,227,appears in
8213,228,main character in
5315,228,appears in
9644,229,appears in
2004,229,main character in
908,230,secondary cast in
2144,230,appears in
8938,230,secondary cast in
3837,231,secondary cast in
8846,232,appears in
3855,232,secondary cast in
1478,233,appears in
9171,233,main character in
3847,234,appears in
3101,234,secondary cast in
8218,234,secondary cast in
8530,235,appears in
6070,235,appears in
8985,236,appears in
7428,236,appears in
9867,236,main character in
3926,237,main character in
2952,238,main character in
6887,238,appears in
6311,238,main character in
1871,239,appears in
4600,240,secondary cast in
6220,241,main character in
6987,241,appears in
2763,241,secondary cast in
58,242,appears in
1646,243,secondary cast in
361,244,appears in
8868,245,secondary cast in
3528,245,secondary cast in
2209,246,secondary cast in
6363,246,secondary cast in
731,247,main character in
3754,248,appears in
1555,249,secondary cast in
3391,250,main character in
5922,250,secondary cast in
5166,250,main character in
4729,251,secondary cast in
470,252,appears in
1832,253,main character in
1361,253,main character in
3645,254,appears in
5291,254,main character in
3486,254,main character in
7423,255,main character in
4868,255,appears in
2254,256,main character in
5349,256,main character in
666,257,secondary cast in
2174,258,secondary cast in
5205,258,main character in
2886,259,secondary cast in
3716,260,secondary cast in
5573,260,appears in
3762,261,main character in
2719,261,appears in
8447,261,secondary cast in
4083,262,secondary cast in
6378,262,appears in
3725,263,main character in
7825,263,secondary cast in
5886,264,appears in
7316,264,secondary cast in
7962,265,appears in
6576,265,main character in
4219,266,appears in
8695,266,appears in
5626,267,secondary cast in
835,268,secondary cast in
8218,269,appears in
2714,269,appears in
434,270,appears in
4322,271,appears in
6088,271,appears in
668,271,main character in
3288,272,main character in
6806,272,secondary cast in
2388,273,secondary cast in
3131,273,secondary cast in
7410,273,secondary cast in
6340,274,main character in
2097,275,secondary cast in
6722,275,appears in
2190,276,appears in
9861,277,appears in
5045,277,secondary cast in
191,278,main character in
6054,278,appears in
9025,278,appears in
3604,279,appears in
8612,280,main character in
849,281,appears in
4022,282,main character in
4401,282,appears in
588,283,main character in
4935,284,secondary cast in
9892,284,appears in
9518,284,appears in
7892,285,appears in
4665,285,main character in
6685,285,main character in
7824,286,secondary cast in
3109,286,secondary cast in
1023,286,main character in
6797,287,secondary cast in
5052,287,main character in
2995,288,appears in
4327,288,appears in
46,289,main character in
4112,290,appears in
3216,290,main character in
333,291,secondary cast in
3528,292,appears in
2377,292,appears in
4361,293,main character in
3362,293,appears in
6981,294,secondary cast in
3509,294,appears in
9145,295,appears in
2243,296,appears in
5188,296,main character in
360,296,appears in
6473,297,appears in
2793,297,appears in
4169,297,secondary cast in
5548,298,secondary cast in
9601,298,secondary cast in
5841,298,main character in
9204,299,secondary cast in
4048,299,secondary cast in
3661,300,main character in
9522,301,secondary cast in
5085,301,main character in
4297,301,appears in
2687,302,main character in
3731,303,main character in
9904,303,main character in
4857,303,appears in
7788,304,appears in
3743,304,secondary cast in
4857,304,secondary cast in
4295,305,secondary cast in
7099,306,appears in
1970,306,secondary cast in
6610,306,secondary cast in
5732,307,secondary cast in
2891,307,main character in
1262,307,main character in
8804,308,secondary cast in
5144,309,main character in
5926,309,appears in
6170,310,main character in
8076,310,appears in
3129,310,secondary cast in
9788,311,main character in
4942,311,main character in
9182,311,appears in
9900,312,main character in
5769,312,secondary cast in
3389,312,secondary cast in
9395,313,secondary cast in
9466,313,main character in
5393,313,secondary cast in
2312,314,main character in
3141,314,secondary cast in
4820,315,main character in
6591,315,secondary cast in
3673,315,main character in
9917,316,main character in
5186,316,secondary cast in
7609,317,main character in
7771,317,appears in
1697,318,main character in
8289,318,main character in
9766,319,secondary cast in
8932,319,main character in
618,320,main character in
9784,320,main character in
1199,320,appears in
7757,321,secondary cast in
4420,321,secondary cast in
1250,322,main character in
2230,322,main character in
9594,322,main character in
5010,323,appears in
2033,323,appears in
1991,324,secondary cast in
4494,324,appears in
5090,324,secondary cast in
2623,325,secondary cast in
7647,326,appears in
1972,327,main character in
8785,327,appears in
5876,327,main character in
4004,328,secondary cast in
5832,329,secondary cast in
3115,329,secondary cast in
5270,329,appears in
2864,330,main character in
8514,330,secondary cast in
9473,330,main character in
9269,331,main character in
4555,332,secondary cast in
4920,332,secondary cast in
7825,333,main character in
5021,334,main character in
4485,334,appears in
4187,334,main character in
870,335,appears in
8475,335,main character in
6972,336,secondary cast in
5497,336,main character in
8826,336,secondary cast in
1888,337,appears in
3427,337,secondary cast in
4121,338,main character in
4114,339,main character in
6175,340,appears in
9434,340,appears in
6221,341,appears in
9874,342,main character in
3328,342,secondary cast in
4258,343,appears in
8082,343,appears in
4658,343,appears in
1528,344,secondary cast in
788,344,secondary cast in
2763,344,main character in
918,345,secondary cast in
1409,345,main character in
6391,345,main character in
3158,346,appears in
9628,346,appears in
6530,347,main character in
2311,348,appears in
9736,348,secondary cast in
6854,348,secondary cast in
9824,349,appears in
5521,350,main character in
8387,350,main character in
2767,350,main character in
4249,351,main character in
8649,352,main character in
1922,352,appears in
1311,352,main character in
701,353,secondary cast in
9020,353,secondary cast in
7722,353,main character in
7222,354,main character in
9446,355,main character in
740,356,appears in
5756,356,appears in
9931,357,appears in
6666,358,secondary cast in
6532,358,main character in
6459,359,secondary cast in
6553,360,appears in
2059,361,main character in
6157,362,secondary cast in
172,362,appears in
138,363,appears in
7975,364,appears in
3084,364,main character in
4810,365,secondary cast in
8897,365,main character in
5934,365,main character in
2833,366,secondary cast in
4660,366,secondary cast in
7407,366,main character in
4204,367,main character in
177,368,secondary cast in
6106,368,appears in
8090,369,appears in
9161,369,secondary cast in
3612,370,main character in
5045,370,main character in
5519,370,secondary cast in
8170,371,appears in
8756,371,appears in
471,372,appears in
8456,372,secondary cast in
8550,373,secondary cast in
4484,373,main character in
8413,374,secondary cast in
7473,374,secondary cast in
895,374,secondary cast in
4570,375,secondary cast in
5785,376,secondary cast in
178,376,main character in
3166,377,secondary cast in
46,377,main character in
9892,378,appears in
7955,379,appears in
6658,379,appears in
688,380,appears in
5013,380,secondary cast in
2555,381,appears in
5944,381,main character in
5526,381,appears in
7689,382,appears in
7402,383,secondary cast in
5509,383,secondary cast in
4875,384,main character in
2118,384,appears in
4297,384,main character in
9507,385,appears in
9419,385,appears in
888,385,main character in
4787,386,appears in
8978,386,appears in
6243,386,main character in
2852,387,main character in
9624,388,secondary cast in
8740,389,main character in
5172,389,main character in
1132,390,secondary cast in
5552,391,appears in
2494,391,appears in
9933,392,secondary cast in
5349,393,appears in
3363,394,main character in
225,395,main character in
8296,395,appears in
3354,395,main character in
3954,396,appears in
5707,396,secondary cast in
9858,397,main character in
4546,397,main character in
6929,398,secondary cast in
4157,398,appears in
2596,398,secondary cast in
2265,399,appears in
9528,399,appears in
3862,399,secondary cast in
3834,400,secondary cast in
6782,401,main character in
7740,402,main character in
9069,402,appears in
1094,402,secondary cast in
6077,403,appears in
3586,403,appears in
1807,404,appears in
5449,405,appears in
5813,406,secondary cast in
2895,407,main character in
1197,407,main character in
9809,408,appears in
3823,408,appears in
7869,408,secondary cast in
935,409,main character in
4666,409,main character in
9259,409,main character in
3629,410,appears in
9693,411,appears in
2603,411,secondary cast in
7382,411,main character in
4953,412,secondary cast in
294,412,main character in
828,413,main character in
710,413,secondary cast in
208,414,main character in
8528,414,main character in
7272,414,main character in
5495,415,secondary cast in
1645,416,appears in
4521,417,appears in
1763,417,secondary cast in
1574,417,main character in
49,418,appears in
2325,418,appears in
6427,418,main character in
3010,419,main character in
6573,419,main character in
7851,420,main character in
7838,420,appears in
693,420,secondary cast in
2001,421,secondary cast in
1704,421,appears in
1092,421,main character in
5057,422,main character in
2659,423,main character in
6147,423,main character in
3781,423,appears in
9407,424,appears in
5624,424,main character in
254,424,appears in
5696,425,secondary cast in
7454,425,secondary cast in
2091,426,secondary cast in
8589,426,appears in
2788,426,main character in
956,427,secondary cast in
5248,427,main character in
8247,428,appears in
2851,428,main character in
1796,428,appears in
6479,429,appears in
5095,430,appears in
9689,430,main character in
5744,431,main character in
343,431,secondary cast in
5556,432,main character in
3642,433,main character in
160,434,main character in
8277,434,appears in
5435,434,main character in
5440,435,secondary cast in
3674,435,appears in
4411,436,main character in
5267,436,main character in
1217,436,secondary cast in
1892,437,appears in
1611,437,appears in
1841,437,secondary cast in
7633,438,secondary cast in
152,438,main character in
5362,438,main character in
5679,439,appears in
1719,440,main character in
1353,440,main character in
3815,441,appears in
3565,441,main character in
102,441,secondary cast in
1435,442,secondary cast in
1497,442,appears in
8057,443,secondary cast in
5003,444,secondary cast in
8328,444,appears in
3499,445,appears in
9437,445,secondary cast in
6499,446,appears in
9501,446,appears in
6646,447,secondary cast in
3547,448,secondary cast in
6973,449,appears in
1848,450,secondary cast in
2826,451,main character in
8978,452,secondary cast in
8362,452,main character in
6837,453,appears in
6583,453,secondary cast in
2925,454,appears in
2592,455,main character in
3402,455,secondary cast in
3789,456,secondary cast in
7088,456,appears in
5943,456,appears in
8041,457,secondary cast in
9769,457,appears in
6050,458,secondary cast in
6428,458,appears in
5055,459,main character in
2067,459,main character in
7047,460,secondary cast in
9934,460,secondary cast in
469,461,appears in
5502,461,appears in
2813,461,appears in
2051,462,secondary cast in
9073,462,main character in
7,463,appears in
1217,463,main character in
5277,464,appears in
2726,464,secondary cast in
3288,465,appears in
3843,465,main character in
7431,466,appears in
2810,466,appears in
266,466,secondary cast in
2661,467,appears in
1506,468,secondary cast in
4870,468,appears in
5163,469,secondary cast in
9727,469,appears in
8390,470,secondary cast in
5156,470,main character in
5906,470,secondary cast in
7694,471,appears in
4284,471,appears in
617,471,main character in
5731,472,secondary cast in
164,472,main character in
4870,472,main character in
4876,473,appears in
444,473,secondary cast in
7962,474,appears in
5498,475,secondary cast in
7732,476,main character in
3669,477,secondary cast in
1900,478,secondary cast in
1663,478,appears in
5721,479,secondary cast in
9100,479,main character in
1175,480,main character in
3128,480,main character in
5475,481,main character in
6790,481,secondary cast in
3440,482,main character in
3262,482,main character in
466,482,main character in
922,483,appears in
2869,483,secondary cast in
3873,483,main character in
3484,484,secondary cast in
1730,485,main character in
1332,485,appears in
4534,485,appears in
8001,486,secondary cast in
8807,487,appears in
9995,487,secondary cast in
51,488,main character in
5466,489,appears in
1139,490,secondary cast in
6623,491,secondary cast in
567,491,main character in
2252,492,appears in
4464,492,main character in
965,492,appears in
9366,493,appears in
5974,494,appears in
5619,494,secondary cast in
6494,495,secondary cast in
1741,496,secondary cast in
1168,497,main character in
6985,497,appears in
9512,498,appears in
1021,498,main character in
5813,499,appears in
3242,499,main character in
450,500,main character in
768,500,secondary cast in
8026,501,secondary cast in
7046,502,appears in
3314,502,secondary cast in
3038,503,appears in
103,503,main character in
9074,503,main character in
3552,504,appears in
2419,505,secondary cast in
9557,505,main character in
1664,506,appears in
5601,507,main character in
2118,508,secondary cast in
1832,509,main character in
5613,509,secondary cast in
515,510,appears in
6753,511,appears in
3176,511,appears in
2465,512,secondary cast in
9536,513,secondary cast in
2725,513,secondary cast in
9523,514,main character in
9058,515,main character in
6815,516,appears in
2564,516,main character in
8044,517,appears in
195,517,secondary cast in
2045,518,secondary cast in
5684,519,secondary cast in
2965,519,secondary cast in
440,520,appears in
5299,520,secondary cast in
7544,520,secondary cast in
4103,521,appears in
4656,521,main character in
7868,521,secondary cast in
7566,522,main character in
6009,522,appears in
5547,522,appears in
2016,523,main character in
7818,523,main character in
1911,524,secondary cast in
6011,525,main character in
6453,526,appears in
8034,527,secondary cast in
7697,527,main character in
2009,528,appears in
5137,528,main character in
2491,529,appears in
8579,529,main character in
7695,529,appears in
591,530,main character in
2649,531,main character in
6688,531,main character in
2844,531,appears in
4270,532,secondary cast in
6773,532,main character in
9044,532,main character in
9369,533,main character in
3852,533,appears in
2777,533,secondary cast in
517,534,main character in
193,535,appears in
372,535,appears in
6266,535,main character in
6925,536,appears in
7174,537,secondary cast in
1622,538,appears in
9232,538,main character in
4183,539,appears in
5489,540,main character in
1850,540,main character in
2849,540,main character in
5054,541,main character in
5567,541,main character in
8052,541,secondary cast in
9726,542,appears in
1553,542,main character in
7171,543,secondary cast in
8088,544,appears in
724,544,secondary cast in
1265,545,secondary cast in
9728,546,appears in
7603,546,secondary cast in
1485,546,main character in
2497,547,secondary cast in
8084,547,secondary cast in
5277,547,secondary cast in
912,548,secondary cast in
5136,549,main character in
4574,550,secondary cast in
9541,550,appears in
7313,550,secondary cast in
557,551,appears in
6842,552,appears in
7789,552,appears in
1225,553,appears in
3449,553,appears in
8374,553,main character in
1914,554,main character in
2231,554,appears in
7968,554,secondary cast in
7102,555,appears in
9716,555,secondary cast in
2705,555,appears in
5298,556,appears in
7756,557,secondary cast in
9345,557,main character in
3201,557,main character in
7387,558,appears in
1837,558,appears in
2734,559,secondary cast in
6405,559,appears in
8183,560,main character in
8127,560,secondary cast in
9979,561,appears in
3913,561,secondary cast in
1822,562,appears in
4080,563,secondary cast in
1902,564,appears in
711,564,main character in
3183,564,secondary cast in
9505,565,appears in
9589,566,main character in
6304,566,secondary cast in
6412,567,appears in
1874,567,appears in
8199,567,main character in
8854,568,main character in
6066,568,secondary cast in
9538,568,main character in
8591,569,secondary cast in
4370,569,main character in
463,569,appears in
3962,570,appears in
4167,570,appears in
6935,571,main character in
2516,571,main character in
4826,571,secondary cast in
6732,572,secondary cast in
3266,572,secondary cast in
9318,573,secondary cast in
8303,574,secondary cast in
8917,574,secondary cast in
9636,575,secondary cast in
99,575,secondary cast in
6102,575,secondary cast in
9399,576,appears in
2348,577,main character in
7588,577,secondary cast in
6813,577,main character in
3,578,appears in
5677,578,secondary cast in
5693,578,appears in
5415,579,main character in
8739,579,main character in
6145,580,secondary cast in
3272,580,main character in
497,580,appears in
1940,581,secondary cast in
1833,581,appears in
2901,582,secondary cast in
2751,583,secondary cast in
1357,583,secondary cast in
3583,583,main character in
7785,584,appears in
3005,584,main character in
1731,585,secondary cast in
5521,585,secondary cast in
7893,585,main character in
9341,586,secondary cast in
27,586,secondary cast in
6208,587,main character in
3617,588,appears in
9010,589,main character in
1634,589,appears in
9862,590,secondary cast in
6590,591,secondary cast in
1418,591,secondary cast in
4600,592,secondary cast in
998,592,appears in
6512,593,secondary cast in
7886,593,secondary cast in
5444,594,main character in
8281,595,main character in
9676,596,main character in
8794,597,main character in
4379,597,appears in
9115,598,secondary cast in
795,599,secondary cast in
2309,599,appears in
6707,600,secondary cast in
3132,601,secondary cast in
3594,601,main character in
3359,601,secondary cast in
4364,602,secondary cast in
6380,603,secondary cast in
4938,603,appears in
4839,603,appears in
7124,604,appears in
4586,605,secondary cast in
9043,605,secondary cast in
5693,606,appears in
7524,606,secondary cast in
6317,607,main character in
