name,birth_date,info
Nagamatsu Taysuke,1995-10-15,likes specific memes
Nashio Robun,1992-05-04,likes specific memes
Chigusa Higashikuni,1954-07-25,likes specific memes
Sone Nobuhito,1964-10-16,likes memes
No Yasunari,1981-03-26,likes memes
Chikae Kazuma,1988-03-07,likes specific memes
Osaki Takamori,1975-01-26,likes memes
Toujou Yukinaga,1988-11-27,likes memes
Yamanishi Kageyasu,1956-06-16,likes specific memes
Kitagawa Suezo,1974-04-22,likes specific memes
Onaga Nanami,1968-08-23,likes specific memes
Imada Erika,1953-11-24,likes specific memes
Shiraishi Aya,1965-04-27,likes memes
Shoji Kiku,1987-11-25,likes memes
Hattori Riho,1959-11-05,likes memes
Ono Suzue,1984-01-21,likes specific memes
Miyata Sayoko,1995-08-03,likes memes
Aki Chihomi,1991-06-20,likes memes
Ito Suzu,1991-04-22,likes specific memes
Yoshihisa Kae,1958-02-15,likes memes
Koyama Ayaka,1973-01-25,likes specific memes
Anzai Rise,1980-08-06,likes specific memes
Terada Sakamae,1965-09-27,likes memes
Yonemura Homugi,1982-07-26,likes memes
Yamashiro Moanna,1978-12-28,likes memes
Akahoshi Saeko,1955-05-12,likes memes
Nakatomi Risu,1990-10-23,likes specific memes
Akiyama Chiyu,1963-11-06,likes specific memes
Ohara Himeko,1992-01-01,likes memes
Izumi Erena,1959-10-23,likes memes
